Gene.Symbol,log2_Parental,log2_DTP,ENTREZID
AACS,22.84639497,23.1580474,65985
ABAT,21.04069549,21.35846747,18
ABCA1,20.17246212,19.91575031,19
ABCA3,16.32735952,17.50126569,21
ABCB6,19.84713396,19.59912905,10058
ABCC1,23.52862317,23.64967814,4363
ABCC3,21.68982121,21.93033773,8714
ABCC4,21.79932079,21.89710208,10257
ABCC5,21.46409471,21.4817682,10057
ABCD1,22.66807329,23.22534012,215
ABCD3,23.68920337,24.04110515,5825
ACAA1,23.64033601,24.06168855,30
ACAA1,19.63828819,19.72827528,30
ACAA2,23.20940734,23.38891711,10449
ACACA,24.96599133,24.8931172,31
ACAD10,19.39991893,19.38620858,80724
ACAD11,20.14219309,20.30064661,84129
ACAD8,21.23985932,21.64603884,27034
ACAD9,22.81902377,22.79262158,28976
ACADM,24.29665539,24.42682891,34
ACADS,19.24419068,19.97715259,35
ACADSB,21.67964117,21.87792693,36
ACAT1,23.32567446,23.54992852,38
ACAT1,18.40271211,18.43871424,38
ACAT2,24.21436533,24.46970736,39
ACLY,26.45852954,26.85774304,47
ACO1,25.11943452,25.00472296,48
ACO1,16.37826452,16.70322714,48
ACO2,25.27074901,25.48556,50
ACOT11,21.37745266,21.49507175,26027
ACOT13,21.71044754,22.05711313,55856
ACOT4,18.27579089,19.15304549,122970
ACOT7,25.73393048,25.76245407,11332
ACOT8,20.80205004,21.10682279,10005
ACOX1,24.71185883,25.23623329,51
ACP1,21.40499597,21.31917396,52
ACP1,18.1588936,17.78052995,52
ACP2,21.8804839,21.83987951,53
ACP6,22.73367933,22.99807837,51205
ACP7,19.30896928,19.58355057,390928
ACSL1,23.1577456,23.9643498,2180
ACSL3,25.15506825,25.2432462,2181
ACSL4,25.01487656,24.89646414,2182
ACSL5,17.11626657,17.45946313,51703
ACSL6,19.84209973,20.1929397,23305
ACSM3,18.20124193,18.22899708,6296
ACSS1,20.49356095,20.72132401,84532
ACSS2,24.31499204,24.47377747,55902
ACYP1,21.71696613,21.99481597,97
ACYP2,20.69151806,21.4068875,98
ADA,20.9439129,21.40061468,100
ADCY3,17.79393164,17.32577762,109
ADCY5,18.28093702,18.10639697,111
ADCY6,16.03685474,15.92394209,112
ADCY7,16.21407871,16.42782102,113
ADCY9,18.34577447,18.57447697,115
ADH5,25.20449075,25.3111258,128
ADI1,22.57460453,22.13876092,55256
ADK,22.32978013,22.47608779,132
ADO,24.83263099,24.83420006,84890
ADSL,24.74456667,24.5244297,158
ADSS1,22.67702058,22.91563089,122622
ADSS2,24.25617528,24.12599066,159
AFMID,16.77570004,16.51751829,125061
AGA,21.34207713,21.48275562,175
AGK,24.49625318,24.47422194,55750
AGL,24.89033714,24.72118253,178
AGMAT,16.07716429,16.60546463,79814
AGPAT1,22.29653494,22.50083183,10554
AGPAT2,21.38221415,21.57883149,10555
AGPAT3,22.37659294,22.67423137,56894
AGPAT4,19.25185098,19.06066958,56895
AGPAT5,18.54071447,18.47845965,55326
AHCY,27.33723678,27.56079204,191
AHCYL1,22.9315033,22.83670137,10768
AK1,25.10482582,25.74296408,203
AK2,25.33482094,25.36346815,204
AK3,24.13963403,24.92130977,50808
AK4,23.91158257,24.5136455,205
AKR1A1,24.56075398,24.83235862,10327
AKR1B10,20.54690857,20.26638492,57016
AKR1C1,19.63421127,20.11076765,1645
AKR1C3,18.63663671,19.10089421,8644
AKR7A2,24.69097778,24.79073271,8574
ALAD,20.72855637,20.58521984,210
ALAS1,22.09845615,21.79164818,211
ALDH18A1,25.09563781,25.21009663,5832
ALDH1A3,26.37018862,26.68658829,220
ALDH1L1,18.78606196,18.88693744,10840
ALDH2,17.00505408,16.76253789,217
ALDH3A1,18.56668203,18.98642238,218
ALDH3A2,23.60258026,23.58340513,224
ALDH3B1,18.23816643,18.46813292,221
ALDH4A1,24.12549749,24.80783983,8659
ALDH5A1,22.57531351,23.0059035,7915
ALDH6A1,22.93325669,23.35466453,4329
ALDH7A1,24.70978297,25.1846157,501
ALDH9A1,23.69244323,23.75767653,223
ALDOA,18.97593553,19.00921032,226
ALDOA,22.92812327,22.89514976,226
ALDOC,24.08596585,23.86463371,230
ALG10,23.55727155,23.1825082,84920
ALG5,23.32260814,23.19789228,29880
AMACR,18.46231266,18.64034121,23600
AMDHD2,16.48810942,16.39070816,51005
AMPD3,22.7902641,23.5699293,272
AMY2A,18.07227761,17.55208735,279
AMY2A,16.70349814,16.66143493,279
ANPEP,23.01276119,23.38180101,290
APRT,23.64386232,23.60286637,353
ARG1,21.73274459,21.39845278,383
ARG2,17.14513887,16.28366363,384
ARSA,14.6584952,14.82943916,410
ARSB,19.94711459,20.14205372,411
ASAH1,19.99212978,20.48928957,427
ASH1L,19.18613765,18.91947568,55870
ASL,22.56240772,22.86812091,435
ASNS,25.34815902,25.66776905,440
ASRGL1,20.46784134,20.20845591,80150
ASS1,24.22088603,25.75629813,445
ATIC,25.80882703,25.72510279,471
ATP11A,20.03505102,20.1326444,23250
ATP11C,22.70465227,22.75935235,286410
ATP1A1,26.31568026,26.43699738,476
ATP1A2,23.29637682,23.45998532,477
ATP1A3,24.37272382,24.45597913,478
ATP1A4,15.52978721,15.60968437,480
ATP1B1,25.0911604,25.21504126,481
ATP1B2,18.7279046,18.70316356,482
ATP1B3,24.32362222,24.0851165,483
ATP2B1,24.1248731,23.93624976,490
ATP2B3,15.5520127,15.18320734,492
ATP2B4,22.85397108,23.22814642,493
ATP4A,17.13714485,17.18904397,495
ATP5F1A,21.39946349,21.4666949,498
ATP5F1A,17.75298569,18.27605301,498
ATP5F1B,26.48461834,26.50891792,506
ATP5F1C,24.15683927,24.03099178,509
ATP5F1D,19.47224036,19.03325216,513
ATP5F1E,22.73472649,22.59949704,514
ATP5MC1,24.57592277,24.44895233,516
ATP5ME,22.47953344,22.34350917,521
ATP5MG,23.21042657,23.03482611,10632
ATP5PB,23.9924699,23.90787553,515
ATP5PD,23.59087248,23.52670337,10476
ATP5PF,21.40557746,21.25314958,522
ATP5PO,24.37959219,24.6316757,539
ATP6V0A1,22.65962393,22.73720943,535
ATP6V0A2,21.660537,21.69208168,23545
ATP6V0A4,15.71144473,16.81063195,50617
ATP6V0C,22.55001195,23.01796154,527
ATP6V0D1,23.28823483,23.62951862,9114
ATP6V0D2,18.86983837,19.88107904,245972
ATP6V1A,24.71289983,24.74171764,523
ATP6V1B2,24.99735114,25.2053685,526
ATP6V1C1,25.19313754,25.34185334,528
ATP6V1D,21.495188,21.59404982,51382
ATP6V1E1,23.08281848,23.24395771,529
ATP6V1F,17.03173987,16.878133,9296
ATP6V1G1,22.23143995,22.47249229,9550
ATP6V1G2,18.93444611,19.0378575,534
ATP6V1H,23.43346626,23.46000158,51606
ATP8A1,21.06446772,21.12165939,10396
ATP8B1,22.68209132,22.69352697,5205
B3GALNT1,19.8366911,19.88483741,8706
B3GALNT2,19.33344041,19.03452978,148789
B3GALT6,21.48362639,21.49393421,126792
B3GAT3,23.19046113,23.46346695,26229
B3GNT2,19.04664284,19.13465861,10678
B3GNT3,21.35461853,22.22226359,10331
B3GNT5,20.05582046,20.13547717,84002
B4GALNT1,17.85168457,17.29103416,2583
B4GALNT2,18.68082235,19.24723116,124872
B4GALT1,21.25640735,21.38059185,2683
B4GALT2,18.90552097,18.92767265,8704
B4GALT3,22.37762336,22.23522899,8703
B4GALT4,20.41873009,20.50258328,8702
B4GALT7,20.9684752,21.09714554,11285
B4GAT1,21.97269098,21.49893078,11041
BCAT2,22.43945783,22.63076269,587
BCKDHB,21.89498299,22.32169199,594
BDH1,22.29931918,22.66046413,622
BDH2,20.61487101,20.26449619,56898
BLVRA,22.33778167,22.41882537,644
BLVRB,23.12241997,24.09462134,645
BPGM,20.4294241,21.10788467,669
BPNT1,22.24071337,22.292107,10380
BPNT1,18.5831834,18.83507114,10380
BSG,20.90928765,20.63227644,682
BTD,19.33599025,19.66915217,686
C1GALT1,21.72957466,21.96022411,56913
CA12,18.67452941,18.67393372,771
CA13,19.07336042,19.39865522,377677
CA2,19.68201201,19.64636418,760
CA5B,18.00381969,17.86463864,11238
CA9,21.55887245,21.27619035,768
CAD,26.66705197,26.385231,790
CANT1,23.35062119,23.40095375,124583
CAT,24.63429522,24.0407949,847
CBR1,25.42941837,25.49119529,873
CBR3,23.09680078,22.96910153,874
CBR4,19.05923096,19.46769994,84869
CBS,21.1217148,21.71970883,875
CDA,21.3887645,21.986498,978
CDIPT,21.07440302,21.61931896,10423
CDS1,20.32935404,20.45466425,1040
CDS2,21.61694828,21.46423875,8760
CERS2,22.67039966,22.63615246,29956
CERS5,20.91003299,21.11538307,91012
CERS6,17.89510445,17.76574001,253782
CERT1,21.07841461,21.06024023,10087
CES2,17.04629597,17.41995734,8824
CHDH,20.07431637,19.89788296,55349
CHIA,17.36070758,17.29611985,27159
CHKA,18.80570784,18.25526244,1119
CHKB,20.5509283,20.37248175,1120
CHPF,18.7272767,18.64120862,79586
CHPF2,19.83163738,19.88617656,54480
CHST11,18.50609551,18.43414824,50515
CHST12,17.0216543,16.94079704,55501
CHST14,22.1544854,21.70184866,113189
CHST3,18.42920007,18.2544474,9469
CHST7,19.12568587,18.78500261,56548
CHSY1,20.53615164,20.06506302,22856
CKB,22.62854471,23.40099998,1152
CKMT1B,13.30371999,13.26616416,1159
CLTRN,19.25896134,19.46971646,57393
CLYBL,12.87449058,12.74715131,171425
CMAS,22.67305901,23.47431459,55907
CMPK1,24.87331902,25.12687781,51727
CMPK2,19.58161442,20.80424149,129607
CNDP2,24.01260688,24.08771104,55748
CNP,25.1858185,25.51537984,1267
COASY,21.81479076,21.4527436,80347
COMT,23.44951745,23.60420753,1312
COMTD1,21.17127505,20.87970056,118881
COQ3,19.24801595,18.91299849,51805
COQ5,21.31441482,21.13202642,84274
COQ6,21.76779683,21.76351446,51004
COQ7,18.26387761,18.15251714,10229
COX4I1,25.058982,24.53827932,1327
COX5B,24.21832682,23.46753192,1329
COX6B1,24.98735761,24.48524209,1340
COX6C,24.81832852,23.55179627,1345
COX7A2,22.01720411,21.64405446,1347
COX7A2L,21.90706308,21.87564341,9167
COX7B,23.28569395,22.340091,1349
COX7C,19.12029034,18.23619185,1350
CPA5,18.13666913,18.22334395,93979
CPOX,23.72109284,23.64612779,1371
CPS1,21.65512004,21.71880925,1373
CPT1A,23.99739139,24.09776395,1374
CPT1C,21.48324187,21.86563788,126129
CPT2,24.56046337,24.74913355,1376
CRAT,20.60272486,20.86945589,1384
CROT,22.48614191,22.65908864,54677
CS,20.38262407,20.54060028,1431
CS,24.95959972,25.18893774,1431
CSGALNACT1,18.95221462,19.64656221,55790
CSGALNACT2,19.70964038,19.8993692,55454
CTBP1,22.9832367,22.81852941,1487
CTDSPL2,22.00346977,21.88832235,51496
CTH,22.79894114,23.12422476,1491
CTPS1,24.47091706,24.53654526,1503
CTPS2,22.37709182,22.55821739,56474
CTSA,24.51638665,24.4030846,5476
CYB5R1,23.74533711,24.16436417,51706
CYB5R2,22.22763537,22.62217365,51700
CYB5R3,23.78820994,24.41420942,1727
CYC1,24.25885361,23.78996873,1537
CYP1B1,18.07920739,18.6495537,1545
CYP27A1,20.55945614,21.20986329,1593
CYP2J2,16.7654998,17.17005105,1573
CYP2S1,21.25482986,21.70292984,29785
CYP2U1,18.87025699,19.21507733,113612
CYP4X1,17.01438475,17.90015326,260293
CYP51A1,23.03949227,22.69906829,1595
CYP7B1,17.05070296,17.10065856,9420
DAGLA,12.86069715,13.10307617,747
DAGLB,22.09582005,22.67638821,221955
DCK,22.05289142,22.4019444,1633
DCTD,20.02695831,19.59838913,1635
DCTPP1,20.80731533,20.45616397,79077
DCXR,18.94801097,18.85798253,51181
DECR1,24.87396763,25.44216292,1666
DECR2,22.14883648,23.02294881,26063
DEGS1,19.45391599,19.66795437,8560
DGAT1,20.06014472,20.73517209,8694
DGAT2,18.53961145,18.36211917,84649
DGKA,22.60732474,22.90988856,1606
DGKD,20.57024847,20.33589917,8527
DGKE,21.89308535,21.97961653,8526
DGKH,20.57588412,20.74730369,160851
DGKQ,17.65832928,17.75928314,1609
DGKZ,19.06739148,19.09065995,8525
DGUOK,17.36738124,17.21892455,1716
DHCR24,23.16124101,23.61289312,1718
DHCR7,24.16843054,24.63493582,1717
DHFR,22.3193923,21.10216048,1719
DHODH,21.85024043,21.71691061,1723
DHRS2,19.34251131,18.83379736,10202
DHRS3,21.30679233,21.5181627,9249
DHRS4,21.98151763,22.03934921,10901
DHRS9,20.53439836,20.18566476,10170
DLAT,25.00333353,24.97461266,1737
DLD,24.97077373,25.24641588,1738
DLST,25.95040416,26.46881927,1743
DOT1L,17.17528343,16.28496907,84444
DPYSL2,25.05024033,25.53743054,1808
DPYSL3,20.65758577,20.61319266,1809
DTYMK,24.1449695,24.00605693,1841
DUT,19.53580904,18.6875439,1854
DUT,18.9914008,19.32610051,1854
ECH1,23.81378796,23.93420515,1891
ECHS1,24.9621886,25.37676941,1892
ECI1,23.14767467,23.57950397,1632
ECI2,22.58117051,23.14791756,10455
EHHADH,22.75299789,23.0730536,1962
EHMT1,17.62521019,17.0247738,79813
EHMT2,22.70978778,22.24669884,10919
ELOVL1,20.16754462,20.23275912,64834
ELOVL5,22.04765906,21.89156629,60481
ELOVL6,19.57705907,19.58799039,79071
ENO1,24.82841959,25.01856037,2023
ENO1,26.7857361,26.75129935,2023
ENO1,21.99072778,22.37807596,2023
ENO2,19.97010948,20.11147134,2026
ENO2,22.89063505,23.46218568,2026
ENOPH1,22.53006309,22.65485831,58478
ENPP1,20.1827568,20.08741454,5167
ENTPD2,19.48374517,18.84334262,954
ENTPD3,20.53461546,21.1287987,956
ENTPD5,20.342226,20.41361383,957
ENTPD6,19.88817584,19.76590075,955
ENTPD6,18.20870013,18.669308,955
EPHX2,22.77060283,23.2510979,2053
ESD,24.39551206,24.71645095,2098
ETFA,24.79118455,25.15749321,2108
ETFB,25.22005763,25.69280216,2109
ETFDH,21.36973391,21.48196261,2110
ETNK1,22.43559378,21.90947445,55500
EXT1,21.6952019,21.55633597,2131
EXT2,22.35245372,22.32640064,2132
EXTL3,18.63566549,18.43563148,2137
FABP3,20.52198873,20.64136939,2170
FABP4,19.90561916,20.68077045,2167
FABP5,25.54435003,25.45438076,2171
FADS1,16.10115079,15.64778669,3992
FADS1,18.74354539,18.52681641,3992
FADS2,23.94761519,22.43844421,9415
FADS3,21.26443464,21.80287947,3995
FAH,22.11916261,22.31369124,2184
FAM20B,20.52246556,20.45999572,9917
FASN,27.3321267,27.02259665,2194
FBP1,20.82728463,21.78815202,2203
FCSK,19.27419387,19.59045591,197258
FDFT1,21.79614806,21.95866343,2222
FDPS,22.99436661,23.59149469,2224
FECH,22.70058483,23.12118291,2235
FGGY,18.52713782,18.71679454,55277
FH,27.2502793,27.44715579,2271
FIG4,19.67845809,19.99100533,9896
FLAD1,23.13280286,23.39467978,80308
FLVCR1,21.68841999,21.09993319,28982
FN3K,22.04874205,22.50408853,64122
FN3KRP,23.37711931,23.63968082,79672
FOLR1,17.61652838,18.23582931,2348
FPGS,19.86666888,19.58766626,2356
FPGT,21.30282208,21.16735608,8790
FTH1,19.03038072,19.64419674,2495
FUCA1,15.80579771,15.65893512,2517
FUCA2,21.64538715,21.44546092,2519
FUT1,13.89916814,14.55974557,2523
FUT11,20.4007984,19.87903158,170384
G6PC3,19.05438637,18.96412295,92579
G6PD,26.0825943,26.40339426,2539
GAA,22.70496487,22.73019844,2548
GAD1,19.91985593,19.94686592,2571
GALE,22.87238028,22.94636947,2582
GALK1,23.93142814,24.04327855,2584
GALK2,22.75966198,22.61751211,2585
GALNS,19.89757429,20.34135255,2588
GALNT1,20.6573626,21.12722682,2589
GALNT10,21.09655699,20.8251384,55568
GALNT11,18.3813512,18.26108175,63917
GALNT12,21.60640222,21.74269655,79695
GALNT14,19.27383409,19.1006889,79623
GALNT2,24.57944421,24.60400968,2590
GALNT3,24.02410995,24.06362447,2591
GALNT4,20.29812636,20.20770392,8693
GALNT6,23.35744412,23.29549982,11226
GALNT7,24.37075177,24.21117594,51809
GALT,19.06323544,19.07283547,2592
GAMT,21.91253244,21.9874151,2593
GANC,17.96368808,18.59833555,2595
GAPDH,29.11403871,29.24466693,2597
GART,26.70729185,26.41348309,2618
GBA1,22.24009694,22.91563516,2629
GBA2,21.07281191,20.82049624,57704
GBE1,24.23840571,24.17506116,2632
GCAT,20.13374028,20.49862372,23464
GCDH,24.02550487,23.83443406,2639
GCH1,18.94169376,19.35129164,2643
GCK,14.83293535,15.14430953,2645
GCLC,22.77529415,22.85841938,2729
GCLM,21.99617564,21.79108561,2730
GCNT2,19.11338516,18.92446417,2651
GCSH,17.75562796,17.93670588,2653
GDA,18.72146166,18.81805412,9615
GFPT1,24.78718858,25.09940419,2673
GFPT2,20.5346867,21.35269558,9945
GFUS,24.82645507,25.04215982,7264
GGCT,22.36302418,22.8116392,79017
GGH,21.40338929,22.05508598,8836
GGPS1,19.36466794,19.86669504,9453
GGT1,21.17177765,21.41502115,2678
GGT7,18.02381605,18.05514841,2686
GK,21.22831139,21.64442772,2710
GLA,22.21781675,22.20905163,2717
GLB1,22.60881725,22.84433343,2720
GLCE,20.12881201,20.25486695,26035
GLO1,24.21792388,24.27868657,2739
GLRX,22.01704102,22.47930631,2745
GLS,23.47783036,23.89381026,2744
GLS,18.80762986,19.14220081,2744
GLS2,18.65358935,18.08136395,27165
GLT8D1,19.92157134,20.10577596,55830
GLTP,23.78629413,23.7445061,51228
GLUD1,21.96183185,22.08055744,2746
GLUD2,15.77590239,16.26174731,2747
GLUL,22.75510095,22.67700436,2752
GLYCTK,16.76030341,16.32918433,132158
GM2A,21.73656659,22.94178412,2760
GMDS,24.81693669,24.53646306,2762
GMPPA,24.58280195,24.45517797,29926
GMPPB,23.42960882,23.56903681,29925
GMPR,20.04909072,19.93375679,2766
GMPR2,22.80378878,22.88405133,51292
GMPS,26.45115256,25.82882,8833
GNE,22.99972946,23.14635743,10020
GNPDA1,22.69765632,22.79539957,10007
GNPDA2,18.71793435,19.07500652,132789
GNPNAT1,24.0017425,23.9330334,64841
GNS,23.22202611,23.47858382,2799
GOT1,24.70384945,24.9881607,2805
GOT2,26.41841265,26.86934489,2806
GPAA1,17.52367261,17.40318368,8733
GPAM,20.61885049,20.73024056,57678
GPAT4,19.75657715,19.61011189,137964
GPCPD1,21.85100047,21.87857552,56261
GPD1,21.22679945,21.54711701,2819
GPD2,25.60747172,25.69120947,2820
GPI,25.32840522,25.19142001,2821
GPT2,20.93683709,21.37407488,84706
GPX1,22.257364,22.37927644,2876
GPX8,22.17130372,21.96028421,493869
GRHPR,22.65205413,22.99384898,9380
GSR,25.81359167,25.95005687,2936
GSS,25.37143313,25.67160082,2937
GSTM2,20.63075491,21.19188039,2946
GSTZ1,21.32086611,21.73050987,2954
GUCY1A1,19.24862265,19.12052626,2982
GUCY1B1,19.51443427,18.89781909,2983
GUK1,22.67447954,23.17090129,2987
GUSB,20.67269993,20.66752867,2990
GYG1,22.05998897,22.13239711,2992
GYS1,23.66979365,23.7293753,2997
H6PD,20.42281897,20.91413932,9563
HACD2,22.52610891,22.20387148,201562
HACD3,21.28865581,21.55239583,51495
HACL1,22.47964369,22.3789296,26061
HADH,23.84470577,24.01800022,3033
HADHA,25.89542611,26.49587385,3030
HADHB,25.60442795,26.31540667,3032
HAGH,23.18868389,23.65841116,3029
HAL,19.20280327,19.07069687,3034
HAS3,19.14150357,18.80608827,3038
HDLBP,20.47485634,20.33253944,3069
HEXB,22.95657504,23.37006061,3074
HEXD,16.93648207,17.1944814,284004
HIBADH,21.99014464,22.21425979,11112
HIBCH,23.41143035,23.62789219,26275
HK1,25.45387642,26.04827883,3098
HK2,25.72235184,25.58731731,3099
HLCS,21.54958599,21.14204209,3141
HMBS,23.40924409,23.22431196,3145
HMGCL,23.28238568,24.26781801,3155
HMGCR,21.41863214,21.55294773,3156
HMGCS1,24.26213724,24.07395525,3157
HMOX1,18.95742512,18.98537205,3162
HMOX2,24.89495692,25.43173845,3163
HNMT,21.73795076,21.65585737,3176
HPGD,19.69399727,19.76395068,3248
HPRT1,24.24067749,24.11908839,3251
HS2ST1,21.31637856,21.33057141,9653
HSD11B1,15.86919375,16.88299127,3290
HSD17B10,24.28791412,24.7767975,3028
HSD17B12,23.48654358,23.83834585,51144
HSD17B14,18.83994995,18.56303932,51171
HSD17B4,25.33178141,25.84908387,3295
HSD17B7,20.62461216,20.89628771,51478
HSD17B8,21.54768855,20.81013288,7923
HTATIP2,23.17027512,23.32291049,10553
HYKK,17.70604494,18.17112105,123688
IDH1,25.20753016,25.40466468,3417
IDH2,23.46360344,24.59253201,3418
IDH3A,25.26736092,25.58850365,3419
IDH3B,24.65491445,24.84080802,3420
IDH3G,23.20867317,23.56651255,3421
IDI1,23.00471267,22.68840222,3422
IDO1,14.22125753,15.32685681,3620
IDS,15.35815255,15.81398224,3423
IL4I1,18.04113665,19.09525797,259307
IMPA1,23.98875845,24.02343395,3612
IMPA2,21.46838878,21.40901836,3613
IMPDH1,24.41074529,23.80443011,3614
IMPDH2,26.42151793,25.1359095,3615
INPP1,16.51527964,17.05021627,3628
INPP4A,22.6867441,22.93178714,3631
INPP4B,23.15278497,23.42446159,8821
INPP5A,20.04315057,20.27521601,3632
INPP5B,21.52487213,21.25346456,3633
INPP5E,16.75660936,16.80117599,56623
INPP5F,20.18056158,20.02219132,22876
INPP5J,15.88921903,14.76893761,27124
INPPL1,23.00528254,23.25025363,3636
IP6K1,21.30075576,21.12012303,9807
IP6K2,18.48323222,18.16460928,51447
IREB2,22.54532664,22.42938182,3658
ISYNA1,21.94757163,21.73525941,51477
ITPA,22.73719547,22.6118003,3704
ITPK1,20.74207432,20.32519502,3705
ITPKA,17.7678724,17.83689254,3706
ITPKB,20.90356357,20.54178266,3707
ITPKC,21.32054913,21.3515944,80271
IVD,25.00846444,25.18832173,3712
KDSR,22.4019785,22.8428085,2531
KHK,21.52073754,21.29557556,3795
KMO,19.24867524,19.70098064,8564
KMT2A,23.15576486,22.8257033,4297
KMT2B,19.89305476,19.82727129,9757
KMT2C,21.71270911,21.26353311,58508
KMT2D,22.78927577,22.57139082,8085
KMT2E,20.10628526,19.72155064,55904
KMT5B,14.96708946,14.88905107,51111
KYAT1,16.18468161,16.41701134,883
KYNU,18.22554014,20.58563273,8942
LAP3,25.21032967,25.5134144,51056
LBR,22.70458786,22.36985894,3930
LCLAT1,23.34844164,23.39103944,253558
LDHA,25.11022311,25.07007486,3939
LDHB,13.54022744,13.56726346,3945
LDHB,24.08600902,23.62312277,3945
LDHD,16.84601505,16.83284356,197257
LIPA,22.05051284,22.21431503,3988
LOXL2,20.38296559,20.883087,4017
LPIN1,23.25805172,23.24032009,23175
LPIN2,17.60709898,17.99186661,9663
LPIN3,18.59800758,18.98907426,64900
LSS,23.63908826,23.99654563,4047
LTA4H,26.0135388,26.10338284,4048
MAN2B1,23.37184363,23.65950397,4125
MANBA,19.78939062,20.2191405,4126
MAOA,23.04942407,24.36993666,4128
MAT2A,24.79761482,24.1064068,4144
MAT2B,24.21863515,23.78475181,27430
MBOAT1,16.16424528,15.83162551,154141
MBOAT2,20.84164434,21.05748489,129642
MCCC1,21.49957708,21.8620313,56922
MCCC2,23.50751768,23.83637926,64087
MCEE,20.14415371,20.72699077,84693
MDH1,26.94338322,27.09279932,4190
MDH2,26.44010343,26.94420587,4191
MDP1,19.19606328,18.13813094,145553
ME1,25.10473733,24.87257395,4199
ME2,22.54072541,22.57342911,4200
ME3,17.9917797,18.10889081,10873
MECR,22.65061784,23.07779978,51102
MGAT5,19.86183631,19.53875878,4249
MGLL,21.35276041,21.84340781,11343
MGST2,19.86746462,19.90190864,4258
MGST3,22.58806222,24.15697523,4259
MIA3,25.31737336,25.60437738,375056
MINPP1,22.59753305,22.57926691,9562
MLYCD,20.77627086,21.15974712,23417
MMAA,18.82184157,19.03710429,166785
MMUT,22.55928603,22.5956953,4594
MOXD1,19.12671865,19.64867512,26002
MPC2,19.52413895,18.51647836,25874
MPI,21.34059748,21.31285821,4351
MPST,23.91700456,24.10105933,4357
MSMO1,21.60320182,21.82691028,6307
MT-CO2,24.60310834,23.48961354,4513
MT-CO3,18.63545337,18.30599173,4514
MT-ND2,21.75586806,21.36354154,4536
MT-ND3,18.3230507,17.75367257,4537
MT-ND4,17.91626212,17.33826737,4538
MT-ND6,16.76172734,16.4945508,4541
MTAP,21.37797323,21.35921072,4507
MTAP,24.32229318,24.18989761,4507
MTHFD1,19.1851101,18.97630521,4522
MTHFD1L,21.89119355,21.9072784,25902
MTHFD2,23.27848891,23.00660068,10797
MTHFD2L,17.31280892,17.22499188,441024
MTHFR,19.63465219,19.2634319,4524
MTHFS,19.60794878,19.74456504,10588
MTMR1,22.83299255,22.70192788,8776
MTMR14,19.40889872,19.66527256,64419
MTMR2,20.84017894,20.4343784,8898
MTMR3,20.16708451,19.95682247,8897
MTMR6,21.58245782,21.64436374,9107
MTMR8,15.28759303,14.71036387,55613
MTR,21.6713176,21.63437774,4548
MVD,22.73094416,23.31696879,4597
MVK,23.48392311,23.70850885,4598
MYO5B,20.93702756,21.12484821,4645
MYO5B,18.69378979,18.91076441,4645
NADK,21.82220179,21.63994249,65220
NADSYN1,21.71846832,22.33116741,55191
NAGA,20.83009554,20.5560663,4668
NAGK,23.76493184,24.60104725,55577
NAMPT,26.3033734,26.9391531,10135
NANP,22.26957164,22.24001986,140838
NANS,24.24506174,24.91137438,54187
NDST1,19.21609695,19.43576293,3340
NDST2,20.32694298,20.41539945,8509
NDUFA10,20.88604211,20.63723766,4705
NDUFA12,20.43432794,20.53549064,55967
NDUFA13,24.2329864,23.73871311,51079
NDUFA2,22.86001214,22.51317502,4695
NDUFA3,18.48859858,18.42812303,4696
NDUFA4,23.65284382,22.69692748,4697
NDUFA5,21.08225912,20.84503108,4698
NDUFA6,22.36549503,21.93550305,4700
NDUFA7,22.56069111,22.27584105,4701
NDUFA8,23.73904642,23.25603434,4702
NDUFA9,23.7298017,23.69239869,4704
NDUFAB1,18.59121656,18.58768054,4706
NDUFB1,18.86310817,18.24958965,4707
NDUFB10,23.57457697,23.17316896,4716
NDUFB11,22.33757125,21.74472362,54539
NDUFB3,23.3066374,23.03501497,4709
NDUFB4,19.14382996,18.64596916,4710
NDUFB5,22.87841083,22.08591113,4711
NDUFB6,22.98171507,22.38166758,4712
NDUFB7,21.88073358,21.84914222,4713
NDUFB8,19.76062053,19.25209847,4714
NDUFB9,22.30341127,21.92969529,4715
NDUFC1,19.22996834,18.55276186,4717
NDUFC2,21.77286397,21.39588891,4718
NDUFS1,25.04335153,24.84014919,4719
NDUFS2,23.20797941,22.92501073,4720
NDUFS3,23.85598407,23.6290054,4722
NDUFS4,21.35768766,20.85027489,4724
NDUFS5,21.81263441,21.57124452,4725
NDUFS6,21.4725339,20.79425681,4726
NDUFS7,23.87236205,23.62218127,374291
NDUFS8,22.97877267,22.85388508,4728
NDUFV1,23.37553494,23.0640306,4723
NDUFV2,23.20016005,23.00945375,4729
NDUFV3,23.7376536,23.55455676,4731
NDUFV3,20.79732442,20.45254732,4731
NEU1,22.16126207,22.13050434,4758
NEU3,17.76358975,17.66125852,10825
NIT2,23.92048862,24.51070462,56954
NME1,20.84763578,20.4839208,4830
NME3,19.89453176,20.35604976,4832
NME4,17.26977222,16.82932495,4833
NME6,18.80127151,19.22925387,10201
NME7,21.26983732,21.00663487,29922
NMNAT1,21.02647899,21.31197184,64802
NNMT,22.23605499,23.4971625,4837
NNT,20.83408462,21.00841993,23530
NOL9,21.72366716,21.2005687,79707
NOS3,17.8677105,19.00170202,4846
NPC1,21.86650906,22.43415945,4864
NQO1,23.94323256,23.5405097,1728
NSD1,21.83908847,21.25341796,64324
NSD2,21.48434873,20.67203915,7468
NSD3,17.020133,16.15931523,54904
NSD3,16.99303941,16.5647654,54904
NSDHL,24.41102268,24.91836669,50814
NSF,25.50076645,25.68109492,4905
NT5C,18.74988098,17.90391437,30833
NT5C1B-RDH14,15.01892015,15.8082031,100526794
NT5C2,24.75856914,24.99077214,22978
NT5C3A,22.94921751,22.83179527,51251
NT5DC3,23.56083311,24.13937675,51559
NT5E,19.90817665,21.80227397,4907
NUDT12,23.18337819,23.02540375,83594
NUDT5,22.63281877,22.50768445,11164
OAT,24.75319381,24.98419495,4942
OCRL,23.87658915,23.94160591,4952
ODC1,20.45179142,19.92083052,4953
OGA,25.01934068,25.18469,10724
OGDH,25.86591618,26.22777438,4967
OGT,24.49945276,24.16363515,8473
OPLAH,22.87187818,22.89456167,26873
OXCT1,24.15315194,24.4098126,5019
OXSM,22.04740985,22.29903542,54995
P4HA1,22.77795126,22.87518425,5033
P4HA1,20.81508866,20.99639816,5033
P4HA2,20.3653127,20.48552432,8974
P4HA2,17.02244466,17.19441419,8974
PAFAH1B1,24.55426605,24.49642504,5048
PAFAH1B2,15.63498619,15.54708771,5049
PAFAH2,20.61344045,21.28752257,5051
PAICS,26.20388814,26.03619366,10606
PANK1,18.4403265,18.12398739,53354
PANK2,22.14615441,21.93608677,80025
PANK3,18.16893899,18.00113707,79646
PANK4,23.98562414,24.02514558,55229
PAPSS1,24.07883306,24.14269041,9061
PAPSS2,24.2767213,24.43626122,9060
PC,24.73898155,24.80045768,5091
PCBD1,19.34607548,19.34785379,5092
PCBD2,16.11263118,16.36268619,84105
PCK2,22.65125961,23.23151662,5106
PCYT1A,24.16902272,24.00532479,5130
PCYT2,22.21866581,22.34302654,5833
PDE10A,14.56375771,14.73111737,10846
PDE1C,22.2687238,21.98336868,5137
PDE4A,10.71686418,10.97528231,5141
PDE4D,16.27613733,15.87090143,5144
PDE5A,23.27301571,23.31454336,8654
PDE6D,19.45107715,19.49391527,5147
PDE7A,18.27883248,18.85032867,5150
PDE8A,20.79160736,20.70653634,5151
PDE8B,16.91020248,16.83735841,8622
PDHA1,24.78865989,24.76403876,5160
PDHB,25.4551312,25.56467752,5162
PDHX,23.49912115,23.6062628,8050
PDPR,23.63911881,24.07143651,55066
PDXK,23.37255351,23.69549786,8566
PDXP,22.99665356,23.26959483,57026
PECR,18.24465722,18.24537018,55825
PFAS,25.02878471,24.91061254,5198
PFKFB2,20.95059425,21.13793937,5208
PFKFB3,21.47623536,21.28642091,5209
PFKFB4,22.87298611,22.80187902,5210
PFKL,24.00137882,24.17026358,5211
PFKM,24.35054856,24.15828933,5213
PFKP,25.10757218,25.12639021,5214
PGAM1,23.79048788,23.91216626,5223
PGD,26.70254902,26.73621764,5226
PGGHG,15.87241683,16.03566497,80162
PGK1,21.08207388,21.18810046,5230
PGK1,27.71959952,28.13225895,5230
PGK2,22.11585221,22.70150881,5232
PGLS,23.80437014,24.13138191,25796
PGM1,26.44437188,26.86528857,5236
PGM2,24.91134094,25.19262894,55276
PGM2L1,22.87705248,23.68911709,283209
PGM3,23.43182278,24.15068714,5238
PGS1,19.00913232,19.07498076,9489
PHGDH,25.1774797,25.3433502,26227
PHPT1,22.35563724,22.35399926,29085
PHYH,20.44670613,21.29534404,5264
PI4K2A,23.31072823,23.67633278,55361
PI4KA,22.5527648,22.47475997,5297
PI4KB,20.51602366,20.29387596,5298
PIGA,20.82047668,20.91426525,5277
PIGB,17.24700715,16.95012554,9488
PIGG,21.90836651,22.02616589,54872
PIGH,20.597148,20.49243729,5283
PIGK,21.42483074,21.14716373,10026
PIGL,16.33669796,15.83672704,9487
PIGM,17.34426189,18.05348925,93183
PIGN,19.94273189,20.10900351,23556
PIGO,20.45593052,19.90395614,84720
PIGP,17.35732213,17.1016978,51227
PIGS,21.40829564,21.26517926,94005
PIGT,21.69537814,21.39140868,51604
PIGU,20.52629664,20.74037326,128869
PIGX,21.31590463,21.49309555,54965
PIK3C2A,23.94144008,23.80108691,5286
PIK3C2B,21.87367925,21.95990329,5287
PIK3CA,21.83293239,21.76369932,5290
PIK3CB,21.72929274,21.73096739,5291
PIK3CD,17.02724995,17.27283393,5293
PIK3R1,20.50015831,20.32231325,5295
PIK3R2,22.35892213,22.38028914,5296
PIKFYVE,22.13034603,22.13052539,200576
PIP4K2A,21.87878178,22.3835114,5305
PIP4K2B,19.95219484,20.08807819,8396
PIP4K2C,23.89213347,24.2828986,79837
PIP5K1A,21.12944957,21.08244375,8394
PIP5K1C,20.49415077,20.29221867,23396
PISD,18.9917988,18.63379123,23761
PKLR,19.68352868,19.67352907,5313
PKM,22.74907652,22.55148908,5315
PKM,21.25394013,21.43093771,5315
PLA2G4A,17.66367745,17.56636705,5321
PLA2G7,17.41592089,17.35069698,7941
PLCB1,21.7250096,21.82407643,23236
PLCB3,22.49363009,22.45728851,5331
PLCB4,17.96969958,18.18431626,5332
PLCD1,20.32222597,20.27230219,5333
PLCD3,21.83597708,21.83165487,113026
PLCE1,19.10045005,18.885788,51196
PLCG1,18.42685793,18.29790652,5335
PLCG1,16.80833192,16.65866749,5335
PLCG2,21.00603686,21.34025648,5336
PLCH1,20.85613389,21.13568047,23007
PLCH2,16.59686618,16.93990501,9651
PLD1,22.12270393,22.65787522,5337
PLD2,21.21967725,21.23796811,5338
PLD3,22.46640785,22.80922725,23646
PLPBP,23.64942333,23.66152675,11212
PLPP3,19.4805132,19.34441359,8613
PLPP6,19.65748831,20.04194753,403313
PLPPR2,18.06378198,18.02851383,64748
PMM1,19.85637062,19.9151652,5372
PMM2,23.39177484,23.43120464,5373
PMPCA,24.6232384,24.69850853,23203
PMVK,21.85122578,21.77844388,10654
PNP,25.20730933,25.59038126,4860
PNPLA2,20.58607767,20.95050531,57104
PNPLA4,20.40673075,20.37782103,8228
PNPO,22.00902552,21.87111079,55163
POGLUT1,21.39852373,21.67348549,56983
POMGNT1,21.91031114,21.77618506,55624
PPA1,25.22487446,25.08833032,5464
PPA2,24.49004234,24.66225337,27068
PPA2,20.29902628,20.34893012,27068
PPAT,24.51441651,24.21969484,5471
PPCDC,19.64358205,19.3954603,60490
PPCS,23.47258979,23.67068759,79717
PPIP5K1,21.07130726,20.99849636,9677
PPIP5K2,22.73613367,22.59940885,23262
PPIP5K2,16.81676698,15.84736563,23262
PPOX,22.06698124,22.25772849,5498
PPT1,23.21145911,23.31941173,5538
PRDX1,26.29708359,26.46624223,5052
PRDX2,25.76192778,26.00006719,7001
PRDX3,24.62293952,25.00315061,10935
PRDX6,27.29357693,27.61416833,9588
PRPS1,22.72028268,22.80752591,5631
PRPS2,23.22764077,23.11201988,5634
PSAT1,24.03323359,24.42773632,29968
PSPH,23.27230076,23.52723713,5723
PTDSS1,21.2666062,21.88272555,9791
PTDSS2,20.99464184,21.30875601,81490
PTGES,22.7085976,25.31690129,9536
PTGES2,23.06907548,22.68653531,80142
PTGES3,25.65862259,24.96538411,10728
PTGR3,20.88983116,20.7618257,284273
PTGS2,18.95514804,19.28228431,5743
PTPDC1,19.50373395,19.69935564,138639
PTPMT1,20.62993889,20.99799989,114971
PTS,21.80834411,22.22842812,5805
PXDN,23.55526896,23.7543953,7837
PYCR1,24.12864062,24.31342639,5831
PYCR2,23.18383044,23.13868058,29920
PYCR3,24.04433396,23.93270474,65263
PYGB,26.21287596,26.59985525,5834
PYGL,25.43185173,26.09713733,5836
PYGM,20.79728135,20.78602497,5837
QDPR,22.64740096,23.11402333,5860
RALBP1,22.79175899,22.79511721,10928
RBKS,20.84000003,21.30991907,64080
RBP4,18.23726134,18.26759591,5950
RDH10,21.1853781,21.34357302,157506
RDH11,22.51110801,22.75824068,51109
RDH13,25.13277745,24.86459103,112724
RDH14,23.33621219,23.61656459,57665
RPE,17.12571458,17.33063376,6120
RPE,17.79491778,17.76719305,6120
RPIA,22.90734823,22.48580751,22934
RPL14,23.92615101,23.52357958,9045
RPP14,20.59859638,20.19692056,11102
RRM1,24.40970612,22.7052954,6240
RRM2,24.80123912,24.75757921,6241
RRM2B,21.21895936,20.97600174,50484
RWDD2A,16.54513976,16.5854651,112611
SACM1L,24.71877615,24.77028559,22908
SARDH,15.76650481,15.56428735,1757
SC5D,21.37391988,21.71376975,6309
SCARB1,23.32951954,23.57781589,949
SCD,23.12004422,21.69197021,6319
SCD5,20.58790611,20.86087935,79966
SCP2,25.91961272,26.422344,6342
SDHA,24.7196071,24.47314027,6389
SDHB,23.90587799,23.74933992,6390
SDHC,19.0725185,19.06005763,6391
SDR16C5,17.80703484,18.72217807,195814
SDSL,19.69054706,20.46999925,113675
SEC11A,23.98923444,24.08160761,23478
SEC11C,22.81785656,23.12059155,90701
SETD1A,20.92331432,20.64615411,9739
SETD1B,16.76409992,16.7032192,23067
SETD2,22.70486681,22.08857935,29072
SETD7,20.53524958,20.61553533,80854
SETDB1,22.24459756,21.95155914,9869
SETMAR,20.03522631,19.54751687,6419
SGMS1,20.63991529,20.49030829,259230
SGMS2,17.85705259,18.18598031,166929
SGPL1,24.28112185,24.52144965,8879
SGPP1,23.00490985,23.71768828,81537
SGSH,18.40473476,18.20617748,6448
SHMT1,23.0120225,23.01036139,6470
SHMT2,26.21231991,26.01680374,6472
SLC11A2,20.59280733,20.91483029,4891
SLC12A2,23.63467648,23.66058041,6558
SLC12A4,21.32135245,21.95498755,6560
SLC12A5,21.46515705,21.474489,57468
SLC12A6,14.84571446,14.75820937,9990
SLC12A6,16.88135416,17.48280527,9990
SLC12A7,21.77067381,21.86355875,10723
SLC16A1,22.90931782,22.62643187,6566
SLC16A2,14.18187251,14.80346697,6567
SLC16A3,22.40421022,22.78469333,9123
SLC16A7,20.64165672,19.98118032,9194
SLC17A5,21.1359727,21.65325378,26503
SLC19A1,23.44180694,23.34820169,6573
SLC19A2,18.67312634,18.61913758,10560
SLC1A2,17.67469167,17.61043945,6506
SLC1A2,16.26418742,16.37858152,6506
SLC1A3,20.30994763,20.23012392,6507
SLC1A4,21.38771635,22.22922058,6509
SLC1A5,23.84078101,23.41368607,6510
SLC20A1,21.5372656,21.58574476,6574
SLC20A2,20.92990164,21.17702041,6575
SLC22A5,20.82849286,21.14558261,6584
SLC23A2,19.60995737,19.35306474,9962
SLC25A1,23.87988251,23.95508612,6576
SLC25A10,23.58456394,23.24109918,1468
SLC25A11,24.72277338,24.59827908,8402
SLC25A12,24.11396374,24.11044324,8604
SLC25A13,23.44765423,23.51635626,10165
SLC25A14,21.83751837,21.90475167,9016
SLC25A15,20.7341599,20.49337316,10166
SLC25A16,19.54047186,18.98565647,8034
SLC25A17,21.77026744,21.90575947,10478
SLC25A19,22.98642814,23.06698021,60386
SLC25A20,22.91800495,23.15772563,788
SLC25A21,18.46892478,17.9900845,89874
SLC25A22,21.64893309,21.56883653,79751
SLC25A26,20.3301717,20.49074391,115286
SLC25A28,18.14559826,18.01151791,81894
SLC25A29,21.37928637,21.262947,123096
SLC25A4,23.75528296,24.01636666,291
SLC25A5,24.09044428,23.68141311,292
SLC25A6,22.64510958,22.2648868,293
SLC26A11,18.2397136,18.67104877,284129
SLC26A2,20.74126168,21.02274569,1836
SLC26A6,20.24965322,20.46987784,65010
SLC27A1,19.900717,20.20783677,376497
SLC27A2,20.56705927,20.6783748,11001
SLC27A3,15.33166699,14.7763372,11000
SLC27A4,23.87592452,24.02649601,10999
SLC29A1,15.29201975,15.16613331,2030
SLC29A1,17.92407655,18.14983818,2030
SLC29A2,18.40384555,17.76737151,3177
SLC29A3,18.13728277,18.06542663,55315
SLC2A1,22.26725374,22.7167686,6513
SLC2A10,16.6645354,17.14010259,81031
SLC2A6,19.05650783,20.25258053,11182
SLC30A1,22.25412846,22.35968304,7779
SLC33A1,21.91807637,22.30051046,9197
SLC35A1,20.92163396,20.46010851,10559
SLC35B2,20.99076779,20.6635768,347734
SLC35C1,17.80677062,18.31062599,55343
SLC36A4,18.13096327,18.09662823,120103
SLC37A1,18.20973108,18.63269101,54020
SLC37A4,21.27144059,20.83470857,2542
SLC38A1,23.71886413,23.63528834,81539
SLC38A2,21.20353905,21.18706906,54407
SLC3A2,25.05285533,25.15763093,6520
SLC43A1,15.23065586,15.64124278,8501
SLC43A2,18.30467719,18.9285692,124935
SLC46A1,16.7482707,16.49145898,113235
SLC4A2,23.4528134,23.33379116,6522
SLC4A4,21.52982416,21.54448152,8671
SLC4A7,22.0226607,21.93546626,9497
SLC4A8,18.17141643,18.23862168,9498
SLC52A2,20.19816865,20.52171415,79581
SLC5A6,18.12765276,17.77397734,8884
SLC6A1,20.71749802,20.46574897,6529
SLC6A11,21.27477735,21.20369372,6538
SLC6A14,17.01222591,18.53309237,11254
SLC6A6,19.13370222,18.67363145,6533
SLC6A8,19.657087,20.00177037,6535
SLC6A9,18.69529839,19.02407402,6536
SLC7A1,22.46345751,22.41742447,6541
SLC7A11,21.04160446,21.07365018,23657
SLC7A5,22.42613175,22.38408975,8140
SLC7A6,19.64424629,19.44308628,9057
SLC9A1,22.51161859,22.43231296,6548
SLC9A7,20.39250585,20.81378475,84679
SLC9A8,17.81419123,17.75452036,23315
SLCO4A1,20.84466455,21.13430571,28231
SMPD1,19.03106531,19.27820384,6609
SMPD2,20.4001363,20.51157889,6610
SMPD4,17.17965371,17.32870848,55627
SMPD4,17.98889223,17.36522196,55627
SMS,24.63309462,24.89288526,6611
SMYD3,21.61586805,21.40750479,64754
SOAT1,21.66692329,21.5156471,6646
SOD1,22.05279031,22.00472151,6647
SOD2,24.44631845,26.74480767,6648
SOD3,17.36810946,17.48056566,6649
SORD,24.85545923,24.85831254,6652
SPCS1,21.52857762,21.67391211,28972
SPCS2,23.28685807,23.34446596,9789
SPCS3,22.23386002,22.29371517,60559
SPHK1,17.81396168,18.8958257,8877
SPHK2,18.64165214,18.93373811,56848
SPR,23.771579,23.88261337,6697
SPTLC1,23.165549,23.21543331,10558
SPTLC2,23.29923625,23.35795877,9517
SPTLC3,21.29209411,20.72680062,55304
SQLE,21.64142607,22.03647204,6713
SRD5A3,18.97736776,19.77116708,79644
SRM,24.47319455,24.45835683,6723
ST3GAL1,20.8336786,20.8909182,6482
ST3GAL4,20.863968,20.78153114,6484
ST3GAL6,19.46041267,19.78589823,10402
ST6GALNAC4,16.05954293,16.16999984,27090
STARD3,20.66596335,20.84002142,10948
STS,20.97963543,21.84198837,412
STT3A,24.10181002,24.19620599,3703
STT3B,24.13403437,24.22623588,201595
SUCLA2,23.72044298,24.05569607,8803
SUCLG1,24.76471778,24.76264565,8802
SUCLG2,24.78219119,25.10496149,8801
SULT1A3,21.31831412,21.69239608,6818
SULT2B1,21.19613885,21.57900049,6820
SUOX,22.02160152,21.83262604,6821
SUV39H1,14.93592469,14.85522135,6839
SUV39H2,12.84394557,13.4518988,79723
SYNJ1,22.7877251,22.66314661,8867
SYNJ2,21.79465048,21.42596108,8871
TALDO1,26.20283183,26.26998136,6888
TBCB,24.91046077,24.92855687,1155
TCIRG1,19.83628261,20.07784795,10312
TECR,24.63337343,24.82029311,9524
THNSL1,21.49201387,21.57378957,79896
TK1,17.4725182,17.29051942,7083
TK1,20.65741343,19.97229887,7083
TK2,15.99767059,16.17638478,7084
TKFC,22.01219033,21.78502387,26007
TKT,27.08335728,27.11881214,7086
TM7SF2,19.57544886,19.73309701,7108
TNS2,19.80688948,19.49518359,23371
TPI1,18.26188547,18.22035075,7167
TPI1,17.44152531,17.43203196,7167
TPI1,25.23796057,25.35713812,7167
TPK1,18.41033319,18.07650811,27010
TPP1,18.65742866,18.84864907,1200
TST,22.90607075,23.40744865,7263
TUSC3,19.33303395,19.37409129,7991
TXNRD1,25.82516483,26.23754359,7296
TXNRD2,22.18572611,22.58827444,10587
TYMP,20.97100735,20.87299257,1890
TYMS,21.86238294,20.16969722,7298
UAP1,25.72467956,26.16163394,6675
UAP1L1,17.49414226,17.49097382,91373
UCK1,19.54628839,19.15404524,83549
UCK2,21.47917669,20.72065749,7371
UCKL1,22.69315104,22.41223993,54963
UEVLD,20.94829052,20.85135336,55293
UGCG,19.15567339,20.38149134,7357
UGDH,24.79841026,24.90520311,7358
UGGT1,24.86278787,25.02972128,56886
UGGT2,21.00918996,21.3549729,55757
UGP2,24.52579705,24.9719307,7360
UGT8,19.8428228,19.13825735,7368
UMPS,24.1503492,24.04982533,7372
UPP1,24.26447706,24.36897046,7378
UPRT,21.64773858,21.54068336,139596
UQCR10,20.67644004,20.42983608,29796
UQCRB,24.71409952,24.68493763,7381
UQCRC1,24.27866159,24.14770075,7384
UQCRC2,24.61010791,24.51161542,7385
UQCRFS1,24.54482628,24.46073044,7386
UQCRH,18.96750678,18.50907006,7388
UQCRQ,23.84909858,23.7555518,27089
UROD,23.22673097,23.03140365,7389
UROS,18.53891344,18.93973015,7390
UXS1,23.50023602,24.05948349,80146
VNN1,18.02040104,18.36052442,8876
WWOX,19.53484847,19.63892987,51741
XDH,18.32494741,19.07203522,7498
XYLB,22.3557674,22.16356651,9942
XYLT2,16.91299964,16.96690671,64132